{
  "version": "45.0.0",
  "files": {
    "faa95a81ae7d7373f3e1f242268f904eb748d8d0fdd306e8a6fe515a1905a7d6": {
      "displayName": "RetakeExamStack/Custom::S3AutoDeleteObjectsCustomResourceProvider Code",
      "source": {
        "path": "asset.faa95a81ae7d7373f3e1f242268f904eb748d8d0fdd306e8a6fe515a1905a7d6",
        "packaging": "zip"
      },
      "destinations": {
        "current_account-current_region-e31788a2": {
          "bucketName": "cdk-hnb659fds-assets-${AWS::AccountId}-${AWS::Region}",
          "objectKey": "faa95a81ae7d7373f3e1f242268f904eb748d8d0fdd306e8a6fe515a1905a7d6.zip",
          "assumeRoleArn": "arn:${AWS::Partition}:iam::${AWS::AccountId}:role/cdk-hnb659fds-file-publishing-role-${AWS::AccountId}-${AWS::Region}"
        }
      }
    },
    "c49d356cac773d491c5f7ac148995a1181498a8e289429f8612a7f7e3814f535": {
      "displayName": "DeployWebsite/AwsCliLayer/Code",
      "source": {
        "path": "asset.c49d356cac773d491c5f7ac148995a1181498a8e289429f8612a7f7e3814f535.zip",
        "packaging": "file"
      },
      "destinations": {
        "current_account-current_region-f7e0d18f": {
          "bucketName": "cdk-hnb659fds-assets-${AWS::AccountId}-${AWS::Region}",
          "objectKey": "c49d356cac773d491c5f7ac148995a1181498a8e289429f8612a7f7e3814f535.zip",
          "assumeRoleArn": "arn:${AWS::Partition}:iam::${AWS::AccountId}:role/cdk-hnb659fds-file-publishing-role-${AWS::AccountId}-${AWS::Region}"
        }
      }
    },
    "9a1fcb4a7ecba81ad70e9d3fb241f6794497da945dae5f25924e4dd002b65f2d": {
      "displayName": "Custom::CDKBucketDeployment8693BB64968944B69AAFB0CC9EB8756C/Code",
      "source": {
        "path": "asset.9a1fcb4a7ecba81ad70e9d3fb241f6794497da945dae5f25924e4dd002b65f2d",
        "packaging": "zip"
      },
      "destinations": {
        "current_account-current_region-3c5ac3db": {
          "bucketName": "cdk-hnb659fds-assets-${AWS::AccountId}-${AWS::Region}",
          "objectKey": "9a1fcb4a7ecba81ad70e9d3fb241f6794497da945dae5f25924e4dd002b65f2d.zip",
          "assumeRoleArn": "arn:${AWS::Partition}:iam::${AWS::AccountId}:role/cdk-hnb659fds-file-publishing-role-${AWS::AccountId}-${AWS::Region}"
        }
      }
    },
    "82d1c92cda93dd621a02f89e92ada3414369e5bf129973100572b6c98fc9cfa0": {
      "displayName": "DeployWebsite/Asset1",
      "source": {
        "path": "asset.82d1c92cda93dd621a02f89e92ada3414369e5bf129973100572b6c98fc9cfa0",
        "packaging": "zip"
      },
      "destinations": {
        "current_account-current_region-11aa755b": {
          "bucketName": "cdk-hnb659fds-assets-${AWS::AccountId}-${AWS::Region}",
          "objectKey": "82d1c92cda93dd621a02f89e92ada3414369e5bf129973100572b6c98fc9cfa0.zip",
          "assumeRoleArn": "arn:${AWS::Partition}:iam::${AWS::AccountId}:role/cdk-hnb659fds-file-publishing-role-${AWS::AccountId}-${AWS::Region}"
        }
      }
    },
    "ceb596c2bce0afef2962275b9414b804c6015bf9f9e13d84a1b0cc349bfefe0c": {
      "displayName": "SaveCatFunction/Code",
      "source": {
        "path": "asset.ceb596c2bce0afef2962275b9414b804c6015bf9f9e13d84a1b0cc349bfefe0c",
        "packaging": "zip"
      },
      "destinations": {
        "current_account-current_region-302962ce": {
          "bucketName": "cdk-hnb659fds-assets-${AWS::AccountId}-${AWS::Region}",
          "objectKey": "ceb596c2bce0afef2962275b9414b804c6015bf9f9e13d84a1b0cc349bfefe0c.zip",
          "assumeRoleArn": "arn:${AWS::Partition}:iam::${AWS::AccountId}:role/cdk-hnb659fds-file-publishing-role-${AWS::AccountId}-${AWS::Region}"
        }
      }
    },
    "f9636845d42373c7bc9682ecd3562a1b319a439397c48c6619e0e2e09e0b1077": {
      "displayName": "RetakeExamStack Template",
      "source": {
        "path": "RetakeExamStack.template.json",
        "packaging": "file"
      },
      "destinations": {
        "current_account-current_region-97bfb414": {
          "bucketName": "cdk-hnb659fds-assets-${AWS::AccountId}-${AWS::Region}",
          "objectKey": "f9636845d42373c7bc9682ecd3562a1b319a439397c48c6619e0e2e09e0b1077.json",
          "assumeRoleArn": "arn:${AWS::Partition}:iam::${AWS::AccountId}:role/cdk-hnb659fds-file-publishing-role-${AWS::AccountId}-${AWS::Region}"
        }
      }
    }
  },
  "dockerImages": {}
}